,precision,recall,f1-score,support
0,0.0,0.0,0.0,12.0
1,0.6666666666666666,0.6153846153846154,0.64,39.0
accuracy,0.47058823529411764,0.47058823529411764,0.47058823529411764,0.47058823529411764
macro avg,0.3333333333333333,0.3076923076923077,0.32,51.0
weighted avg,0.5098039215686274,0.47058823529411764,0.4894117647058824,51.0
